general_average,family_monthly_income,household_size,attendance_rate,disciplinary_incidents,community_service_hours,current_year_level,complete_documents,previous_scholarship,scholarship_result
92,42000,8,96,0,53,2nd_year,yes,no,NEEDS_REVIEW
92,7000,6,96,0,54,2nd_year,yes,no,ELIGIBLE
88,8000,6,95,1,38,4th_year,yes,no,NEEDS_REVIEW
90,24000,4,95,0,49,2nd_year,yes,yes,NEEDS_REVIEW
82,41000,6,90,3,24,1st_year,no,no,NOT_ELIGIBLE
94,16000,4,97,0,57,1st_year,yes,no,ELIGIBLE
90,33000,6,94,0,44,2nd_year,yes,no,NEEDS_REVIEW
78,10000,7,88,1,9,4th_year,no,yes,NOT_ELIGIBLE
98,20000,7,98,0,72,3rd_year,yes,yes,ELIGIBLE
78,23000,5,88,2,7,2nd_year,yes,no,NOT_ELIGIBLE
96,20000,6,98,0,63,1st_year,yes,yes,ELIGIBLE
89,38000,6,93,0,44,3rd_year,yes,no,NEEDS_REVIEW
81,19000,8,90,2,21,4th_year,yes,yes,NOT_ELIGIBLE
98,34000,6,98,0,70,2nd_year,yes,no,NEEDS_REVIEW
89,11000,4,93,0,44,2nd_year,yes,no,NEEDS_REVIEW
90,28000,8,96,1,51,4th_year,yes,no,NEEDS_REVIEW
86,23000,6,94,0,34,1st_year,yes,no,NEEDS_REVIEW
87,18000,5,94,0,37,2nd_year,yes,no,NEEDS_REVIEW
82,37000,7,92,1,19,1st_year,yes,no,NEEDS_REVIEW
87,16000,4,94,0,34,3rd_year,yes,yes,NEEDS_REVIEW
87,36000,6,94,0,37,1st_year,yes,yes,NEEDS_REVIEW
83,21000,6,90,2,25,2nd_year,yes,no,NEEDS_REVIEW
96,30000,7,97,0,69,1st_year,yes,no,NEEDS_REVIEW
95,42000,6,96,0,64,2nd_year,yes,no,NEEDS_REVIEW
95,40000,7,97,0,63,2nd_year,yes,no,NEEDS_REVIEW
77,42000,5,88,3,10,3rd_year,yes,no,NOT_ELIGIBLE
75,9000,4,87,1,3,3rd_year,yes,yes,NOT_ELIGIBLE
75,8000,7,87,1,2,1st_year,yes,no,NOT_ELIGIBLE
98,16000,5,99,0,73,3rd_year,yes,no,ELIGIBLE
80,15000,7,89,4,18,4th_year,yes,no,NOT_ELIGIBLE
96,12000,6,99,0,63,2nd_year,yes,no,ELIGIBLE
83,20000,4,90,2,24,4th_year,yes,yes,NEEDS_REVIEW
78,8000,7,88,4,6,4th_year,yes,no,NOT_ELIGIBLE
79,34000,6,88,1,15,2nd_year,yes,no,NOT_ELIGIBLE
89,22000,8,93,1,43,1st_year,yes,no,NEEDS_REVIEW
84,38000,6,92,3,25,2nd_year,yes,no,NOT_ELIGIBLE
76,41000,8,89,3,2,4th_year,yes,no,NOT_ELIGIBLE
90,28000,8,94,0,46,2nd_year,yes,yes,NEEDS_REVIEW
81,31000,6,89,1,23,4th_year,yes,yes,NOT_ELIGIBLE
86,25000,4,93,1,31,3rd_year,no,no,NOT_ELIGIBLE
98,32000,5,100,0,71,3rd_year,yes,no,NEEDS_REVIEW
80,15000,8,91,1,19,2nd_year,yes,no,NOT_ELIGIBLE
91,36000,8,95,1,54,3rd_year,yes,no,NEEDS_REVIEW
93,28000,5,96,0,59,1st_year,yes,no,NEEDS_REVIEW
93,16000,4,97,0,60,1st_year,no,no,NOT_ELIGIBLE
75,34000,5,88,1,2,4th_year,yes,no,NOT_ELIGIBLE
96,37000,7,98,0,63,4th_year,yes,no,NEEDS_REVIEW
90,17000,7,96,0,45,2nd_year,yes,no,ELIGIBLE
88,33000,4,93,1,42,3rd_year,yes,yes,NEEDS_REVIEW
77,35000,6,87,1,9,3rd_year,yes,no,NOT_ELIGIBLE
97,25000,5,98,0,74,3rd_year,yes,no,NEEDS_REVIEW
94,22000,7,97,0,58,4th_year,yes,no,ELIGIBLE
91,31000,5,95,0,48,4th_year,yes,no,NEEDS_REVIEW
82,36000,5,90,4,25,3rd_year,yes,yes,NOT_ELIGIBLE
80,7000,7,89,3,17,3rd_year,yes,no,NOT_ELIGIBLE
89,21000,6,93,0,45,4th_year,yes,yes,NEEDS_REVIEW
79,8000,4,90,1,8,3rd_year,yes,no,NOT_ELIGIBLE
84,7000,5,91,1,30,1st_year,yes,no,NEEDS_REVIEW
96,41000,6,98,0,66,4th_year,yes,no,NEEDS_REVIEW
92,25000,5,97,0,58,2nd_year,yes,no,NEEDS_REVIEW
88,35000,7,93,0,45,1st_year,yes,no,NEEDS_REVIEW
88,14000,7,93,0,40,2nd_year,no,no,NOT_ELIGIBLE
86,30000,4,92,0,38,1st_year,yes,yes,NEEDS_REVIEW
77,18000,6,88,2,9,4th_year,yes,yes,NOT_ELIGIBLE
80,42000,4,89,2,13,1st_year,yes,no,NOT_ELIGIBLE
79,12000,8,88,1,12,2nd_year,yes,no,NOT_ELIGIBLE
93,23000,6,97,0,58,4th_year,yes,no,NEEDS_REVIEW
90,7000,7,94,0,50,3rd_year,yes,no,ELIGIBLE
98,10000,7,99,0,74,1st_year,yes,yes,ELIGIBLE
97,13000,7,98,0,66,3rd_year,yes,no,ELIGIBLE
98,34000,5,98,0,77,3rd_year,yes,no,NEEDS_REVIEW
84,39000,8,93,3,24,4th_year,yes,yes,NOT_ELIGIBLE
91,15000,5,96,0,49,3rd_year,yes,no,ELIGIBLE
92,38000,6,96,0,53,2nd_year,yes,yes,NEEDS_REVIEW
85,10000,4,92,0,32,4th_year,yes,no,NEEDS_REVIEW
84,26000,7,92,2,31,1st_year,yes,no,NEEDS_REVIEW
89,30000,8,93,0,40,2nd_year,yes,yes,NEEDS_REVIEW
82,38000,4,92,1,23,1st_year,yes,no,NEEDS_REVIEW
77,34000,4,87,2,7,4th_year,yes,no,NOT_ELIGIBLE
98,39000,8,99,0,73,4th_year,yes,no,NEEDS_REVIEW
85,20000,6,93,0,32,4th_year,yes,no,NEEDS_REVIEW
83,32000,5,91,2,23,3rd_year,yes,no,NEEDS_REVIEW
77,12000,4,88,4,10,3rd_year,yes,no,NOT_ELIGIBLE
83,23000,7,91,1,28,3rd_year,yes,no,NEEDS_REVIEW
94,12000,6,98,0,58,2nd_year,yes,yes,ELIGIBLE
97,38000,8,97,0,68,2nd_year,no,no,NOT_ELIGIBLE
78,11000,6,90,3,11,3rd_year,yes,no,NOT_ELIGIBLE
96,14000,5,99,0,66,4th_year,no,yes,NOT_ELIGIBLE
84,42000,7,91,4,26,2nd_year,yes,yes,NOT_ELIGIBLE
76,14000,8,88,3,6,4th_year,yes,no,NOT_ELIGIBLE
98,8000,6,99,0,71,3rd_year,yes,no,ELIGIBLE
89,20000,8,95,0,42,4th_year,yes,no,NEEDS_REVIEW
76,33000,4,87,2,2,3rd_year,yes,no,NOT_ELIGIBLE
94,8000,7,96,0,59,4th_year,yes,no,ELIGIBLE
76,15000,8,89,2,2,3rd_year,no,no,NOT_ELIGIBLE
84,23000,8,93,1,27,3rd_year,yes,no,NEEDS_REVIEW
84,19000,6,93,4,25,3rd_year,yes,no,NOT_ELIGIBLE
88,10000,5,95,0,42,1st_year,yes,no,NEEDS_REVIEW
94,27000,6,97,0,60,2nd_year,no,no,NOT_ELIGIBLE
88,40000,5,93,0,40,4th_year,yes,no,NEEDS_REVIEW
85,26000,7,92,0,32,4th_year,yes,no,NEEDS_REVIEW
96,8000,7,97,0,68,1st_year,yes,no,ELIGIBLE
79,41000,4,88,2,16,2nd_year,no,no,NOT_ELIGIBLE
94,41000,8,97,0,56,3rd_year,yes,no,NEEDS_REVIEW
84,28000,8,92,2,32,3rd_year,yes,no,NEEDS_REVIEW
95,17000,6,97,0,65,4th_year,yes,no,ELIGIBLE
97,35000,5,97,0,73,3rd_year,yes,no,NEEDS_REVIEW
80,14000,4,91,3,19,3rd_year,yes,no,NOT_ELIGIBLE
96,8000,6,98,0,67,1st_year,yes,no,ELIGIBLE
83,7000,7,91,1,24,4th_year,yes,no,NEEDS_REVIEW
81,9000,7,90,3,18,1st_year,yes,yes,NOT_ELIGIBLE
84,14000,7,91,4,26,1st_year,yes,no,NOT_ELIGIBLE
85,22000,5,91,0,35,1st_year,yes,no,NEEDS_REVIEW
95,24000,6,96,0,62,3rd_year,yes,no,NEEDS_REVIEW
79,15000,4,88,1,8,2nd_year,yes,yes,NOT_ELIGIBLE
82,13000,7,92,2,19,1st_year,yes,yes,NEEDS_REVIEW
79,21000,4,88,2,12,3rd_year,no,no,NOT_ELIGIBLE
82,36000,8,92,1,23,2nd_year,yes,no,NEEDS_REVIEW
85,31000,8,92,0,34,2nd_year,yes,no,NEEDS_REVIEW
95,34000,6,98,0,65,1st_year,yes,no,NEEDS_REVIEW
83,38000,7,91,1,27,4th_year,yes,no,NEEDS_REVIEW
87,19000,8,94,0,38,4th_year,yes,no,NEEDS_REVIEW
89,40000,5,93,1,48,4th_year,yes,no,NEEDS_REVIEW
84,13000,8,91,4,28,1st_year,yes,no,NOT_ELIGIBLE
84,25000,6,92,2,30,1st_year,yes,no,NEEDS_REVIEW
82,14000,8,91,2,25,3rd_year,yes,yes,NEEDS_REVIEW
92,20000,4,95,0,50,4th_year,yes,no,ELIGIBLE
84,35000,4,91,2,30,3rd_year,yes,no,NEEDS_REVIEW
83,18000,5,90,4,21,1st_year,yes,no,NOT_ELIGIBLE
80,30000,6,89,3,18,3rd_year,yes,no,NOT_ELIGIBLE
86,8000,7,92,0,31,1st_year,yes,no,NEEDS_REVIEW
82,7000,7,92,2,19,2nd_year,yes,no,NEEDS_REVIEW
82,23000,7,90,4,22,1st_year,yes,yes,NOT_ELIGIBLE
94,15000,5,98,0,56,2nd_year,yes,no,ELIGIBLE
91,9000,5,96,0,47,4th_year,yes,no,ELIGIBLE
89,31000,7,93,1,46,2nd_year,yes,no,NEEDS_REVIEW
86,40000,6,94,1,39,4th_year,no,no,NOT_ELIGIBLE
77,8000,6,87,2,8,3rd_year,yes,no,NOT_ELIGIBLE
92,10000,6,96,0,50,3rd_year,yes,no,ELIGIBLE
92,34000,5,97,0,56,4th_year,yes,no,NEEDS_REVIEW
85,20000,4,93,0,35,3rd_year,yes,yes,NEEDS_REVIEW
98,31000,8,99,0,74,3rd_year,yes,no,NEEDS_REVIEW
79,24000,4,89,4,10,4th_year,no,no,NOT_ELIGIBLE
79,33000,8,88,3,10,3rd_year,yes,no,NOT_ELIGIBLE
76,40000,7,89,1,2,3rd_year,yes,no,NOT_ELIGIBLE
90,39000,8,94,0,50,3rd_year,yes,yes,NEEDS_REVIEW
76,20000,6,87,1,5,1st_year,yes,no,NOT_ELIGIBLE
90,10000,5,95,0,46,2nd_year,yes,no,ELIGIBLE
85,27000,7,92,0,28,2nd_year,yes,no,NEEDS_REVIEW
81,31000,5,90,2,21,1st_year,yes,no,NOT_ELIGIBLE
90,35000,8,94,1,46,2nd_year,yes,yes,NEEDS_REVIEW
77,33000,6,89,1,10,2nd_year,yes,no,NOT_ELIGIBLE
94,32000,6,97,0,60,3rd_year,yes,yes,NEEDS_REVIEW
86,9000,8,92,0,36,3rd_year,yes,yes,NEEDS_REVIEW
76,7000,5,87,1,2,3rd_year,yes,no,NOT_ELIGIBLE
84,19000,8,91,1,29,2nd_year,yes,no,NEEDS_REVIEW
80,30000,4,89,3,13,1st_year,yes,no,NOT_ELIGIBLE
82,36000,5,91,2,19,1st_year,yes,no,NEEDS_REVIEW
90,9000,4,96,0,45,1st_year,yes,no,ELIGIBLE
90,13000,8,95,0,52,3rd_year,yes,no,ELIGIBLE
75,25000,5,87,1,2,3rd_year,yes,yes,NOT_ELIGIBLE
84,30000,5,91,1,31,4th_year,yes,no,NEEDS_REVIEW
98,21000,4,98,0,70,1st_year,yes,no,ELIGIBLE
82,38000,7,90,4,18,4th_year,yes,no,NOT_ELIGIBLE
98,27000,5,100,0,73,3rd_year,yes,no,NEEDS_REVIEW
86,11000,4,92,0,37,1st_year,yes,no,NEEDS_REVIEW
95,31000,7,96,0,66,1st_year,no,no,NOT_ELIGIBLE
95,31000,7,96,0,68,2nd_year,yes,no,NEEDS_REVIEW
98,38000,4,100,0,70,1st_year,yes,no,NEEDS_REVIEW
80,25000,4,89,2,20,4th_year,yes,no,NOT_ELIGIBLE
85,29000,6,93,0,32,4th_year,yes,no,NEEDS_REVIEW
86,17000,8,92,0,31,3rd_year,yes,yes,NEEDS_REVIEW
91,29000,6,96,0,54,4th_year,yes,yes,NEEDS_REVIEW
93,12000,5,95,0,56,3rd_year,yes,yes,ELIGIBLE
83,32000,7,91,2,29,1st_year,yes,no,NEEDS_REVIEW
87,10000,8,92,0,40,4th_year,yes,no,NEEDS_REVIEW
92,18000,8,96,0,58,1st_year,yes,no,ELIGIBLE
78,40000,7,90,1,10,4th_year,yes,no,NOT_ELIGIBLE
86,16000,4,94,0,39,4th_year,yes,no,NEEDS_REVIEW
94,8000,8,97,0,64,2nd_year,yes,yes,ELIGIBLE
88,42000,7,94,0,38,4th_year,yes,no,NEEDS_REVIEW
94,9000,5,98,0,64,4th_year,yes,no,ELIGIBLE
89,11000,7,93,0,44,2nd_year,yes,no,NEEDS_REVIEW
79,30000,5,88,3,10,2nd_year,yes,yes,NOT_ELIGIBLE
80,39000,4,89,4,12,3rd_year,yes,yes,NOT_ELIGIBLE
82,33000,6,91,3,19,1st_year,yes,no,NOT_ELIGIBLE
76,35000,7,87,1,3,4th_year,yes,no,NOT_ELIGIBLE
85,31000,8,93,0,36,3rd_year,yes,no,NEEDS_REVIEW
94,16000,7,98,0,61,4th_year,yes,no,ELIGIBLE
95,42000,5,96,0,67,2nd_year,yes,no,NEEDS_REVIEW
76,19000,7,89,2,2,1st_year,no,no,NOT_ELIGIBLE
95,24000,7,97,0,61,1st_year,yes,yes,NEEDS_REVIEW
98,17000,6,100,0,74,1st_year,yes,no,ELIGIBLE
85,8000,4,93,0,35,2nd_year,yes,no,NEEDS_REVIEW
84,15000,4,93,3,24,4th_year,yes,no,NOT_ELIGIBLE
97,22000,6,98,0,69,3rd_year,yes,no,ELIGIBLE
75,26000,6,87,1,2,4th_year,yes,yes,NOT_ELIGIBLE
91,35000,8,96,0,54,1st_year,yes,yes,NEEDS_REVIEW
77,35000,8,87,4,8,2nd_year,yes,no,NOT_ELIGIBLE
97,13000,7,98,0,70,4th_year,yes,no,ELIGIBLE
95,9000,6,98,0,63,2nd_year,yes,no,ELIGIBLE
91,21000,6,94,0,54,2nd_year,yes,no,ELIGIBLE
81,29000,4,89,4,15,2nd_year,yes,no,NOT_ELIGIBLE
81,22000,7,91,1,17,1st_year,yes,no,NOT_ELIGIBLE
76,41000,4,87,1,6,3rd_year,yes,no,NOT_ELIGIBLE
84,7000,8,93,4,30,4th_year,yes,no,NOT_ELIGIBLE
94,34000,6,97,0,57,4th_year,no,no,NOT_ELIGIBLE
81,37000,6,91,3,19,4th_year,yes,no,NOT_ELIGIBLE
84,36000,4,92,4,29,4th_year,yes,no,NOT_ELIGIBLE
87,39000,6,94,1,35,2nd_year,no,no,NOT_ELIGIBLE
82,13000,6,90,3,23,4th_year,yes,no,NOT_ELIGIBLE
79,27000,5,88,3,15,1st_year,yes,no,NOT_ELIGIBLE
75,20000,5,88,4,4,3rd_year,yes,no,NOT_ELIGIBLE
85,33000,7,92,1,36,4th_year,yes,no,NEEDS_REVIEW
75,11000,4,87,2,2,1st_year,yes,no,NOT_ELIGIBLE
82,8000,8,92,2,19,3rd_year,yes,yes,NEEDS_REVIEW
85,36000,6,91,0,33,1st_year,yes,no,NEEDS_REVIEW
88,10000,7,93,0,39,1st_year,yes,no,NEEDS_REVIEW
75,36000,8,88,4,2,2nd_year,yes,no,NOT_ELIGIBLE
93,42000,4,97,0,61,3rd_year,no,no,NOT_ELIGIBLE
98,24000,8,100,0,69,2nd_year,yes,yes,NEEDS_REVIEW
80,7000,8,89,3,12,3rd_year,no,no,NOT_ELIGIBLE
97,40000,7,97,0,71,4th_year,yes,no,NEEDS_REVIEW
89,19000,5,94,1,42,1st_year,yes,no,NEEDS_REVIEW
93,18000,8,96,0,53,3rd_year,yes,no,ELIGIBLE
96,23000,7,99,0,67,2nd_year,yes,yes,NEEDS_REVIEW
78,10000,6,88,3,12,2nd_year,yes,yes,NOT_ELIGIBLE
94,23000,5,98,0,60,3rd_year,yes,yes,NEEDS_REVIEW
75,20000,8,87,4,2,4th_year,yes,no,NOT_ELIGIBLE
85,31000,7,92,0,31,2nd_year,yes,no,NEEDS_REVIEW
76,25000,4,89,2,2,3rd_year,yes,yes,NOT_ELIGIBLE
81,10000,4,91,2,19,4th_year,yes,no,NOT_ELIGIBLE
81,18000,4,89,3,20,2nd_year,yes,no,NOT_ELIGIBLE
76,20000,4,88,3,3,4th_year,yes,no,NOT_ELIGIBLE
86,17000,8,94,1,32,2nd_year,yes,no,NEEDS_REVIEW
90,25000,6,95,0,51,1st_year,yes,no,NEEDS_REVIEW
83,21000,5,90,4,26,4th_year,yes,no,NOT_ELIGIBLE
90,39000,5,95,1,47,4th_year,yes,no,NEEDS_REVIEW
79,42000,6,88,1,8,3rd_year,no,no,NOT_ELIGIBLE
75,19000,6,88,2,4,1st_year,yes,no,NOT_ELIGIBLE
97,16000,4,98,0,72,1st_year,yes,no,ELIGIBLE
97,32000,4,98,0,68,1st_year,yes,no,NEEDS_REVIEW
93,16000,7,97,0,57,2nd_year,yes,yes,ELIGIBLE
94,33000,6,98,0,64,2nd_year,yes,no,NEEDS_REVIEW
83,22000,5,90,3,26,3rd_year,yes,no,NOT_ELIGIBLE
77,31000,6,89,2,4,1st_year,yes,no,NOT_ELIGIBLE
75,22000,7,88,1,2,2nd_year,yes,no,NOT_ELIGIBLE
80,24000,7,91,4,14,4th_year,yes,no,NOT_ELIGIBLE
87,35000,7,94,0,41,1st_year,yes,no,NEEDS_REVIEW
83,22000,7,91,4,21,3rd_year,yes,no,NOT_ELIGIBLE
98,25000,7,100,0,77,4th_year,yes,yes,NEEDS_REVIEW
81,17000,7,90,4,20,1st_year,yes,no,NOT_ELIGIBLE
87,20000,5,92,0,38,2nd_year,no,no,NOT_ELIGIBLE
94,24000,5,96,0,63,4th_year,yes,no,NEEDS_REVIEW
89,37000,8,93,1,41,2nd_year,yes,no,NEEDS_REVIEW
86,38000,4,92,0,32,4th_year,yes,no,NEEDS_REVIEW
88,39000,4,93,0,45,3rd_year,yes,yes,NEEDS_REVIEW
82,38000,5,92,2,21,3rd_year,yes,no,NEEDS_REVIEW
95,17000,7,97,0,68,3rd_year,yes,no,ELIGIBLE
85,33000,7,93,0,28,1st_year,yes,no,NEEDS_REVIEW
85,11000,6,92,0,30,1st_year,yes,no,NEEDS_REVIEW
79,7000,7,90,3,15,2nd_year,yes,no,NOT_ELIGIBLE
84,20000,8,92,3,26,1st_year,yes,no,NOT_ELIGIBLE
81,32000,5,90,3,20,2nd_year,yes,no,NOT_ELIGIBLE
81,17000,8,90,3,19,2nd_year,no,no,NOT_ELIGIBLE
82,10000,4,92,3,20,3rd_year,yes,no,NOT_ELIGIBLE
84,33000,4,91,3,27,1st_year,yes,no,NOT_ELIGIBLE
93,11000,8,96,0,61,3rd_year,yes,no,ELIGIBLE
78,16000,7,89,1,12,3rd_year,yes,no,NOT_ELIGIBLE
82,33000,7,92,2,20,3rd_year,yes,no,NEEDS_REVIEW
91,42000,6,95,1,54,3rd_year,yes,no,NEEDS_REVIEW
76,37000,5,88,2,2,1st_year,no,no,NOT_ELIGIBLE
78,41000,8,89,4,8,4th_year,yes,no,NOT_ELIGIBLE
83,33000,7,92,1,28,2nd_year,no,no,NOT_ELIGIBLE
78,26000,5,90,2,11,2nd_year,yes,no,NOT_ELIGIBLE
88,30000,7,93,0,39,4th_year,yes,no,NEEDS_REVIEW
75,34000,7,88,3,3,1st_year,yes,no,NOT_ELIGIBLE
83,28000,5,91,2,21,1st_year,yes,no,NEEDS_REVIEW
94,8000,8,98,0,63,2nd_year,yes,no,ELIGIBLE
78,35000,6,88,4,12,4th_year,yes,no,NOT_ELIGIBLE
79,11000,5,90,4,11,3rd_year,yes,yes,NOT_ELIGIBLE
78,31000,8,89,3,10,3rd_year,yes,no,NOT_ELIGIBLE
94,21000,7,96,0,61,4th_year,yes,no,ELIGIBLE
98,19000,6,99,0,69,4th_year,yes,no,ELIGIBLE
87,16000,5,94,0,39,3rd_year,yes,no,NEEDS_REVIEW
93,13000,8,95,0,56,1st_year,yes,no,ELIGIBLE
81,23000,8,91,2,21,4th_year,yes,no,NOT_ELIGIBLE
79,29000,7,88,1,8,1st_year,yes,no,NOT_ELIGIBLE
97,10000,7,99,0,73,3rd_year,yes,no,ELIGIBLE
85,34000,4,91,0,36,4th_year,yes,no,NEEDS_REVIEW
90,22000,6,94,0,51,1st_year,yes,no,ELIGIBLE
84,22000,5,92,1,28,1st_year,yes,no,NEEDS_REVIEW
92,29000,4,97,0,50,2nd_year,yes,no,NEEDS_REVIEW
91,28000,6,94,1,52,1st_year,yes,no,NEEDS_REVIEW
96,9000,5,98,0,67,1st_year,yes,no,ELIGIBLE
84,20000,6,92,1,27,4th_year,yes,no,NEEDS_REVIEW
80,39000,6,91,4,13,1st_year,yes,no,NOT_ELIGIBLE
83,40000,6,91,3,24,3rd_year,yes,yes,NOT_ELIGIBLE
84,23000,5,93,2,28,1st_year,yes,no,NEEDS_REVIEW
76,41000,7,87,3,6,4th_year,yes,no,NOT_ELIGIBLE
81,11000,7,89,3,16,1st_year,yes,no,NOT_ELIGIBLE
90,38000,5,96,0,46,4th_year,yes,no,NEEDS_REVIEW
87,42000,5,93,0,39,2nd_year,yes,no,NEEDS_REVIEW
82,38000,5,92,1,22,4th_year,yes,yes,NEEDS_REVIEW
82,7000,6,90,2,23,4th_year,yes,no,NEEDS_REVIEW
90,14000,8,96,0,48,3rd_year,yes,yes,ELIGIBLE
96,40000,4,97,0,70,4th_year,yes,no,NEEDS_REVIEW
89,27000,4,95,0,45,2nd_year,yes,no,NEEDS_REVIEW
83,20000,4,92,4,24,4th_year,yes,yes,NOT_ELIGIBLE
91,17000,7,95,0,50,4th_year,yes,yes,ELIGIBLE
77,29000,7,88,2,4,4th_year,yes,yes,NOT_ELIGIBLE
82,31000,4,90,2,26,1st_year,yes,no,NEEDS_REVIEW
92,17000,6,97,0,57,3rd_year,yes,no,ELIGIBLE
76,22000,4,89,1,6,2nd_year,yes,no,NOT_ELIGIBLE
92,31000,5,95,0,52,2nd_year,yes,no,NEEDS_REVIEW
75,23000,8,88,4,2,4th_year,yes,no,NOT_ELIGIBLE
87,15000,8,94,0,36,1st_year,yes,no,NEEDS_REVIEW
80,10000,6,91,3,16,4th_year,yes,no,NOT_ELIGIBLE
90,30000,7,94,0,51,1st_year,yes,no,NEEDS_REVIEW
86,21000,6,94,0,34,3rd_year,yes,no,NEEDS_REVIEW
88,12000,6,93,0,37,4th_year,yes,no,NEEDS_REVIEW
77,24000,8,89,3,7,3rd_year,yes,no,NOT_ELIGIBLE
97,42000,6,99,0,69,4th_year,yes,no,NEEDS_REVIEW
78,21000,7,88,1,13,1st_year,yes,no,NOT_ELIGIBLE
83,7000,8,92,2,24,3rd_year,yes,no,NEEDS_REVIEW
86,39000,6,93,0,34,2nd_year,yes,no,NEEDS_REVIEW
91,39000,4,95,0,49,1st_year,yes,no,NEEDS_REVIEW
92,25000,7,95,0,55,2nd_year,yes,yes,NEEDS_REVIEW
90,30000,8,96,0,47,2nd_year,yes,no,NEEDS_REVIEW
94,10000,6,98,0,64,4th_year,yes,no,ELIGIBLE
79,12000,7,89,3,13,4th_year,yes,yes,NOT_ELIGIBLE
97,14000,6,99,0,73,2nd_year,yes,no,ELIGIBLE
75,29000,6,87,3,2,1st_year,yes,no,NOT_ELIGIBLE
80,23000,6,89,2,13,1st_year,yes,no,NOT_ELIGIBLE
98,12000,7,98,0,73,1st_year,yes,no,ELIGIBLE
78,37000,7,90,3,12,3rd_year,yes,no,NOT_ELIGIBLE
79,36000,6,89,2,9,2nd_year,yes,no,NOT_ELIGIBLE
84,27000,5,92,2,27,1st_year,yes,no,NEEDS_REVIEW
85,28000,8,93,1,29,4th_year,yes,no,NEEDS_REVIEW
81,20000,6,89,4,21,3rd_year,yes,yes,NOT_ELIGIBLE
93,20000,5,95,0,53,1st_year,yes,no,ELIGIBLE
76,18000,7,88,2,2,3rd_year,yes,yes,NOT_ELIGIBLE
85,41000,6,92,0,31,4th_year,yes,no,NEEDS_REVIEW
97,38000,7,99,0,74,4th_year,yes,yes,NEEDS_REVIEW
81,13000,8,91,4,23,4th_year,yes,no,NOT_ELIGIBLE
79,21000,5,88,1,16,1st_year,yes,no,NOT_ELIGIBLE
98,22000,4,98,0,69,4th_year,yes,no,ELIGIBLE
76,33000,7,88,2,2,2nd_year,yes,no,NOT_ELIGIBLE
90,16000,5,96,1,49,1st_year,yes,no,NEEDS_REVIEW
80,27000,7,89,1,20,1st_year,yes,no,NOT_ELIGIBLE
78,27000,7,88,3,7,2nd_year,yes,yes,NOT_ELIGIBLE
96,18000,7,98,0,66,4th_year,yes,yes,ELIGIBLE
79,17000,4,88,3,14,4th_year,yes,no,NOT_ELIGIBLE
80,34000,6,91,3,12,3rd_year,yes,no,NOT_ELIGIBLE
77,16000,6,89,1,3,2nd_year,yes,no,NOT_ELIGIBLE
92,21000,7,97,0,53,1st_year,no,no,NOT_ELIGIBLE
95,16000,4,96,0,61,3rd_year,yes,yes,ELIGIBLE
75,35000,7,88,4,2,3rd_year,yes,no,NOT_ELIGIBLE
94,12000,5,97,0,62,1st_year,yes,no,ELIGIBLE
85,31000,7,91,0,29,3rd_year,yes,no,NEEDS_REVIEW
81,36000,6,91,2,23,2nd_year,yes,no,NOT_ELIGIBLE
88,42000,4,94,0,38,4th_year,yes,no,NEEDS_REVIEW
89,33000,5,95,0,47,4th_year,yes,no,NEEDS_REVIEW
96,29000,4,99,0,71,2nd_year,yes,no,NEEDS_REVIEW
94,35000,8,97,0,58,1st_year,yes,no,NEEDS_REVIEW
75,25000,8,87,1,2,4th_year,yes,no,NOT_ELIGIBLE
77,27000,4,89,4,4,1st_year,yes,no,NOT_ELIGIBLE
94,38000,4,96,0,60,2nd_year,yes,no,NEEDS_REVIEW
87,36000,5,92,0,37,4th_year,yes,no,NEEDS_REVIEW
82,12000,5,91,3,24,3rd_year,yes,no,NOT_ELIGIBLE
90,17000,7,96,0,52,1st_year,yes,no,ELIGIBLE
84,30000,4,91,4,31,1st_year,yes,no,NOT_ELIGIBLE
98,14000,7,100,0,74,4th_year,yes,yes,ELIGIBLE
84,30000,8,92,3,31,4th_year,yes,no,NOT_ELIGIBLE
82,41000,6,90,4,23,4th_year,yes,no,NOT_ELIGIBLE
75,27000,8,87,1,2,1st_year,yes,no,NOT_ELIGIBLE
86,14000,8,94,0,36,4th_year,yes,yes,NEEDS_REVIEW
89,12000,7,93,1,40,3rd_year,yes,no,NEEDS_REVIEW
75,16000,8,87,4,2,3rd_year,yes,no,NOT_ELIGIBLE
88,32000,8,95,0,38,3rd_year,yes,no,NEEDS_REVIEW
87,29000,5,92,1,41,3rd_year,yes,no,NEEDS_REVIEW
90,31000,7,94,0,50,1st_year,yes,yes,NEEDS_REVIEW
97,40000,7,99,0,72,2nd_year,yes,no,NEEDS_REVIEW
82,13000,6,92,3,25,2nd_year,yes,no,NOT_ELIGIBLE
89,29000,5,94,0,47,4th_year,yes,no,NEEDS_REVIEW
98,34000,4,100,0,76,4th_year,no,no,NOT_ELIGIBLE
96,26000,6,98,0,68,2nd_year,yes,yes,NEEDS_REVIEW
94,14000,8,96,0,63,1st_year,yes,no,ELIGIBLE
86,23000,7,93,1,38,4th_year,yes,no,NEEDS_REVIEW
80,35000,6,90,1,14,3rd_year,no,no,NOT_ELIGIBLE
75,13000,7,87,1,2,4th_year,yes,no,NOT_ELIGIBLE
88,16000,6,93,0,45,3rd_year,yes,yes,NEEDS_REVIEW
76,34000,5,87,4,2,1st_year,yes,no,NOT_ELIGIBLE
88,29000,7,95,0,38,3rd_year,yes,no,NEEDS_REVIEW
88,20000,4,93,0,41,1st_year,yes,yes,NEEDS_REVIEW
78,33000,5,89,1,5,4th_year,yes,no,NOT_ELIGIBLE
79,10000,6,89,4,15,4th_year,yes,no,NOT_ELIGIBLE
87,27000,6,94,0,34,1st_year,yes,no,NEEDS_REVIEW
89,12000,5,95,0,46,4th_year,yes,no,NEEDS_REVIEW
96,17000,6,97,0,63,3rd_year,yes,yes,ELIGIBLE
76,16000,6,88,2,5,2nd_year,yes,no,NOT_ELIGIBLE
84,34000,8,91,1,30,2nd_year,yes,no,NEEDS_REVIEW
80,18000,7,89,3,17,3rd_year,yes,no,NOT_ELIGIBLE
97,41000,8,97,0,71,1st_year,yes,yes,NEEDS_REVIEW
95,30000,4,98,0,62,1st_year,no,no,NOT_ELIGIBLE
89,21000,4,95,0,40,4th_year,yes,no,NEEDS_REVIEW
87,34000,6,92,0,36,1st_year,yes,no,NEEDS_REVIEW
85,34000,6,93,1,28,3rd_year,yes,no,NEEDS_REVIEW
75,36000,6,87,2,2,2nd_year,yes,no,NOT_ELIGIBLE
93,26000,6,95,0,58,3rd_year,yes,no,NEEDS_REVIEW
92,16000,7,97,0,58,4th_year,yes,no,ELIGIBLE
87,22000,8,94,0,37,4th_year,yes,yes,NEEDS_REVIEW
82,22000,5,92,4,25,2nd_year,yes,yes,NOT_ELIGIBLE
90,25000,5,94,0,52,3rd_year,yes,no,NEEDS_REVIEW
90,42000,8,95,0,52,4th_year,yes,no,NEEDS_REVIEW
79,20000,8,89,3,8,2nd_year,yes,no,NOT_ELIGIBLE
89,25000,7,93,0,44,2nd_year,yes,no,NEEDS_REVIEW
82,35000,7,91,4,23,2nd_year,yes,no,NOT_ELIGIBLE
91,35000,8,96,0,55,1st_year,yes,no,NEEDS_REVIEW
81,16000,6,91,3,19,4th_year,yes,no,NOT_ELIGIBLE
96,16000,7,98,0,67,3rd_year,no,no,NOT_ELIGIBLE
94,35000,6,97,0,63,2nd_year,no,no,NOT_ELIGIBLE
76,7000,4,89,2,6,1st_year,yes,yes,NOT_ELIGIBLE
90,38000,8,96,0,48,3rd_year,no,no,NOT_ELIGIBLE
79,34000,7,88,4,10,2nd_year,yes,no,NOT_ELIGIBLE
93,34000,7,95,0,60,2nd_year,yes,no,NEEDS_REVIEW
89,35000,6,93,0,42,4th_year,yes,no,NEEDS_REVIEW
95,19000,5,98,0,63,1st_year,yes,no,ELIGIBLE
83,37000,7,91,3,25,1st_year,yes,no,NOT_ELIGIBLE
95,10000,4,97,0,62,3rd_year,yes,no,ELIGIBLE
82,28000,7,91,3,24,3rd_year,yes,no,NOT_ELIGIBLE
94,10000,5,98,0,62,2nd_year,yes,no,ELIGIBLE
75,32000,5,87,2,3,4th_year,yes,no,NOT_ELIGIBLE
83,35000,8,91,2,26,1st_year,yes,yes,NEEDS_REVIEW
95,27000,6,96,0,60,3rd_year,yes,yes,NEEDS_REVIEW
83,23000,4,91,3,23,3rd_year,yes,no,NOT_ELIGIBLE
97,23000,6,98,0,67,3rd_year,yes,no,NEEDS_REVIEW
91,23000,4,95,0,48,3rd_year,yes,no,NEEDS_REVIEW
77,24000,8,87,4,9,1st_year,yes,yes,NOT_ELIGIBLE
91,19000,5,96,0,53,4th_year,yes,no,ELIGIBLE
94,18000,5,98,0,62,4th_year,yes,no,ELIGIBLE
82,30000,7,92,1,19,2nd_year,yes,no,NEEDS_REVIEW
84,8000,6,91,2,29,4th_year,yes,no,NEEDS_REVIEW
83,14000,6,90,3,28,3rd_year,yes,no,NOT_ELIGIBLE
77,21000,6,87,2,4,1st_year,yes,no,NOT_ELIGIBLE
85,8000,6,93,0,31,4th_year,yes,no,NEEDS_REVIEW
97,30000,6,99,0,69,4th_year,yes,no,NEEDS_REVIEW
88,21000,4,95,0,37,1st_year,yes,no,NEEDS_REVIEW
88,8000,5,93,0,42,1st_year,yes,no,NEEDS_REVIEW
77,20000,5,89,1,7,2nd_year,yes,no,NOT_ELIGIBLE
91,7000,4,94,0,47,3rd_year,yes,no,ELIGIBLE
91,16000,7,96,0,55,2nd_year,yes,no,ELIGIBLE
87,28000,5,92,0,42,3rd_year,yes,no,NEEDS_REVIEW
91,33000,6,94,1,53,3rd_year,yes,no,NEEDS_REVIEW
84,39000,4,93,4,25,2nd_year,yes,yes,NOT_ELIGIBLE
85,24000,5,91,0,35,1st_year,yes,no,NEEDS_REVIEW
82,9000,4,92,3,21,2nd_year,yes,no,NOT_ELIGIBLE
85,37000,6,91,0,29,2nd_year,yes,no,NEEDS_REVIEW
83,21000,7,91,4,28,4th_year,yes,no,NOT_ELIGIBLE
96,19000,7,98,0,65,2nd_year,yes,yes,ELIGIBLE
77,15000,8,88,3,10,1st_year,yes,no,NOT_ELIGIBLE
87,25000,7,93,0,35,3rd_year,yes,no,NEEDS_REVIEW
88,21000,5,95,0,40,1st_year,no,no,NOT_ELIGIBLE
92,16000,5,97,0,58,1st_year,yes,no,ELIGIBLE
92,16000,5,95,0,55,1st_year,yes,yes,ELIGIBLE
84,38000,6,93,4,24,3rd_year,yes,yes,NOT_ELIGIBLE
82,30000,8,90,4,19,1st_year,yes,no,NOT_ELIGIBLE
92,31000,7,96,0,53,2nd_year,yes,no,NEEDS_REVIEW
76,35000,6,89,2,6,3rd_year,yes,no,NOT_ELIGIBLE
98,15000,5,100,0,69,2nd_year,yes,no,ELIGIBLE
91,11000,7,96,0,51,2nd_year,no,no,NOT_ELIGIBLE
81,25000,8,90,3,15,3rd_year,yes,no,NOT_ELIGIBLE
75,9000,8,88,2,4,1st_year,yes,no,NOT_ELIGIBLE
92,30000,5,96,0,54,2nd_year,yes,no,NEEDS_REVIEW
76,32000,6,89,3,2,4th_year,no,no,NOT_ELIGIBLE
89,38000,5,94,0,43,1st_year,yes,no,NEEDS_REVIEW
98,19000,7,99,0,71,4th_year,yes,no,ELIGIBLE
78,41000,4,89,2,10,1st_year,yes,no,NOT_ELIGIBLE
89,25000,5,94,0,45,2nd_year,yes,no,NEEDS_REVIEW
86,15000,8,94,0,35,3rd_year,yes,no,NEEDS_REVIEW
85,27000,6,93,0,34,1st_year,yes,yes,NEEDS_REVIEW
89,8000,4,93,0,46,1st_year,yes,yes,NEEDS_REVIEW
85,20000,4,93,0,31,2nd_year,yes,yes,NEEDS_REVIEW
97,15000,8,97,0,72,3rd_year,yes,no,ELIGIBLE
82,17000,6,90,3,19,4th_year,yes,no,NOT_ELIGIBLE
90,21000,8,94,1,51,3rd_year,yes,yes,NEEDS_REVIEW
96,16000,4,98,0,68,1st_year,yes,no,ELIGIBLE
95,20000,7,98,0,60,4th_year,yes,no,ELIGIBLE
76,27000,8,88,3,6,3rd_year,yes,no,NOT_ELIGIBLE
96,40000,8,97,0,65,4th_year,yes,no,NEEDS_REVIEW
75,7000,4,87,1,2,1st_year,yes,no,NOT_ELIGIBLE
98,36000,5,99,0,77,2nd_year,yes,no,NEEDS_REVIEW
88,15000,7,94,0,40,4th_year,yes,no,NEEDS_REVIEW
91,31000,4,94,0,48,2nd_year,yes,no,NEEDS_REVIEW
76,16000,7,89,4,3,4th_year,yes,no,NOT_ELIGIBLE
81,16000,6,91,4,23,3rd_year,yes,no,NOT_ELIGIBLE
79,10000,4,88,4,12,1st_year,yes,no,NOT_ELIGIBLE
86,26000,7,94,0,37,3rd_year,yes,no,NEEDS_REVIEW
82,30000,6,91,3,22,3rd_year,no,no,NOT_ELIGIBLE
87,37000,5,92,1,38,2nd_year,yes,no,NEEDS_REVIEW
77,21000,8,88,1,8,1st_year,no,no,NOT_ELIGIBLE
92,37000,7,96,0,53,2nd_year,yes,yes,NEEDS_REVIEW
91,8000,7,95,0,49,1st_year,yes,no,ELIGIBLE
76,20000,8,88,4,5,1st_year,yes,no,NOT_ELIGIBLE
85,23000,4,93,0,35,3rd_year,yes,no,NEEDS_REVIEW
97,37000,7,98,0,66,3rd_year,yes,no,NEEDS_REVIEW
98,39000,4,98,0,74,3rd_year,yes,yes,NEEDS_REVIEW
87,41000,7,94,0,36,4th_year,yes,no,NEEDS_REVIEW
75,12000,6,87,2,2,3rd_year,yes,no,NOT_ELIGIBLE
83,23000,8,90,2,26,1st_year,yes,no,NEEDS_REVIEW
80,21000,5,90,1,12,4th_year,yes,no,NOT_ELIGIBLE
75,27000,8,88,3,2,2nd_year,yes,no,NOT_ELIGIBLE
95,14000,4,97,0,64,4th_year,yes,no,ELIGIBLE
81,9000,5,91,4,21,4th_year,yes,yes,NOT_ELIGIBLE
90,34000,4,94,1,50,4th_year,yes,no,NEEDS_REVIEW
97,20000,8,98,0,74,4th_year,yes,no,ELIGIBLE
91,38000,4,96,1,55,1st_year,yes,no,NEEDS_REVIEW
92,25000,5,96,0,53,4th_year,yes,yes,NEEDS_REVIEW
98,36000,4,100,0,73,2nd_year,no,no,NOT_ELIGIBLE
80,36000,5,89,4,16,2nd_year,yes,no,NOT_ELIGIBLE
93,24000,4,95,0,61,1st_year,yes,no,NEEDS_REVIEW
90,21000,6,95,0,47,2nd_year,yes,no,ELIGIBLE
82,16000,8,91,1,22,2nd_year,yes,no,NEEDS_REVIEW
95,18000,8,98,0,60,3rd_year,yes,no,ELIGIBLE
81,16000,6,90,2,20,4th_year,yes,no,NOT_ELIGIBLE
86,14000,8,92,0,34,1st_year,yes,no,NEEDS_REVIEW
76,27000,4,89,2,2,3rd_year,no,no,NOT_ELIGIBLE
75,24000,4,87,4,2,4th_year,yes,yes,NOT_ELIGIBLE
91,15000,7,95,0,55,2nd_year,yes,no,ELIGIBLE
89,37000,8,93,0,43,1st_year,yes,no,NEEDS_REVIEW
75,11000,6,87,1,2,2nd_year,yes,yes,NOT_ELIGIBLE
77,29000,8,89,1,3,1st_year,yes,no,NOT_ELIGIBLE
76,10000,8,88,1,2,2nd_year,yes,no,NOT_ELIGIBLE
80,32000,4,90,4,17,1st_year,yes,no,NOT_ELIGIBLE
78,42000,7,90,3,6,1st_year,yes,no,NOT_ELIGIBLE
98,21000,7,100,0,76,2nd_year,yes,no,ELIGIBLE
95,8000,6,98,0,67,3rd_year,yes,no,ELIGIBLE
86,15000,4,94,0,31,4th_year,yes,yes,NEEDS_REVIEW
95,40000,7,97,0,62,4th_year,yes,no,NEEDS_REVIEW
94,26000,7,98,0,56,4th_year,yes,no,NEEDS_REVIEW
98,25000,7,100,0,69,3rd_year,yes,no,NEEDS_REVIEW
79,27000,4,90,2,13,2nd_year,yes,no,NOT_ELIGIBLE
90,40000,8,96,0,45,3rd_year,yes,no,NEEDS_REVIEW
76,21000,5,87,1,2,3rd_year,yes,no,NOT_ELIGIBLE
76,30000,7,88,2,2,4th_year,yes,no,NOT_ELIGIBLE
81,8000,8,90,1,18,4th_year,yes,no,NOT_ELIGIBLE
82,25000,4,92,3,24,3rd_year,yes,no,NOT_ELIGIBLE
85,40000,5,92,1,36,1st_year,yes,no,NEEDS_REVIEW
95,21000,8,96,0,68,1st_year,yes,no,ELIGIBLE
96,11000,5,97,0,64,1st_year,yes,no,ELIGIBLE
88,15000,7,94,0,38,1st_year,yes,no,NEEDS_REVIEW
87,10000,5,94,0,40,4th_year,yes,no,NEEDS_REVIEW
85,32000,5,92,0,33,1st_year,yes,no,NEEDS_REVIEW
90,28000,7,95,0,47,2nd_year,yes,no,NEEDS_REVIEW
98,12000,4,99,0,69,4th_year,yes,no,ELIGIBLE
77,14000,5,88,4,9,3rd_year,yes,no,NOT_ELIGIBLE
81,36000,8,90,4,21,3rd_year,yes,no,NOT_ELIGIBLE
85,23000,8,93,0,36,1st_year,yes,no,NEEDS_REVIEW
97,10000,7,98,0,67,3rd_year,yes,no,ELIGIBLE
93,7000,7,96,0,58,4th_year,yes,no,ELIGIBLE
92,33000,8,97,0,55,3rd_year,yes,no,NEEDS_REVIEW
94,31000,6,98,0,60,3rd_year,yes,no,NEEDS_REVIEW
95,29000,6,97,0,60,4th_year,yes,no,NEEDS_REVIEW
93,37000,7,96,0,53,4th_year,yes,no,NEEDS_REVIEW
76,11000,6,88,4,7,3rd_year,yes,no,NOT_ELIGIBLE
76,27000,8,87,2,2,3rd_year,yes,no,NOT_ELIGIBLE
79,16000,4,89,2,14,1st_year,yes,no,NOT_ELIGIBLE
84,42000,4,92,1,24,1st_year,yes,yes,NEEDS_REVIEW
92,18000,8,96,0,55,3rd_year,yes,no,ELIGIBLE
98,36000,5,98,0,74,4th_year,no,no,NOT_ELIGIBLE
88,35000,5,93,1,41,3rd_year,yes,no,NEEDS_REVIEW
86,21000,5,92,1,37,1st_year,yes,no,NEEDS_REVIEW
95,31000,7,98,0,64,2nd_year,yes,no,NEEDS_REVIEW
90,9000,5,94,0,46,3rd_year,yes,no,ELIGIBLE
91,26000,4,95,0,47,1st_year,yes,no,NEEDS_REVIEW
80,9000,4,90,3,16,2nd_year,yes,yes,NOT_ELIGIBLE
97,36000,4,97,0,66,2nd_year,yes,yes,NEEDS_REVIEW
92,28000,5,96,0,50,2nd_year,yes,yes,NEEDS_REVIEW
92,21000,6,97,0,54,2nd_year,yes,no,ELIGIBLE
94,37000,7,98,0,61,4th_year,yes,no,NEEDS_REVIEW
95,12000,4,98,0,61,2nd_year,no,no,NOT_ELIGIBLE
76,16000,5,89,4,2,2nd_year,yes,no,NOT_ELIGIBLE
91,34000,8,95,0,47,2nd_year,yes,no,NEEDS_REVIEW
85,25000,5,91,1,34,3rd_year,yes,no,NEEDS_REVIEW
79,34000,8,88,2,12,1st_year,yes,no,NOT_ELIGIBLE
94,15000,4,97,0,63,3rd_year,no,no,NOT_ELIGIBLE
79,30000,7,88,3,8,1st_year,yes,no,NOT_ELIGIBLE
83,37000,5,92,4,24,4th_year,yes,no,NOT_ELIGIBLE
84,15000,6,91,1,24,4th_year,no,no,NOT_ELIGIBLE
81,22000,4,91,4,17,4th_year,yes,no,NOT_ELIGIBLE
92,17000,7,96,0,57,2nd_year,yes,no,ELIGIBLE
84,35000,4,91,3,26,3rd_year,yes,no,NOT_ELIGIBLE
91,18000,4,94,0,49,1st_year,yes,no,ELIGIBLE
88,38000,5,94,0,39,1st_year,yes,yes,NEEDS_REVIEW
85,12000,6,92,1,35,4th_year,yes,no,NEEDS_REVIEW
75,39000,8,87,1,2,3rd_year,yes,no,NOT_ELIGIBLE
90,7000,4,95,1,50,1st_year,yes,no,NEEDS_REVIEW
79,29000,6,89,1,8,4th_year,yes,no,NOT_ELIGIBLE
84,37000,8,91,1,27,3rd_year,yes,yes,NEEDS_REVIEW
79,23000,8,90,1,11,2nd_year,yes,yes,NOT_ELIGIBLE
88,12000,7,94,0,43,2nd_year,yes,no,NEEDS_REVIEW
98,32000,5,99,0,75,1st_year,no,no,NOT_ELIGIBLE
86,35000,7,94,0,31,1st_year,yes,no,NEEDS_REVIEW
85,42000,8,93,0,34,2nd_year,yes,yes,NEEDS_REVIEW
83,34000,4,90,2,23,3rd_year,yes,yes,NEEDS_REVIEW
75,41000,8,88,1,2,3rd_year,yes,no,NOT_ELIGIBLE
86,30000,6,94,0,33,4th_year,yes,no,NEEDS_REVIEW
87,19000,7,93,0,37,2nd_year,yes,no,NEEDS_REVIEW
83,25000,4,90,4,27,2nd_year,yes,no,NOT_ELIGIBLE
95,29000,4,97,0,64,3rd_year,yes,yes,NEEDS_REVIEW
77,28000,7,87,4,7,4th_year,yes,no,NOT_ELIGIBLE
92,31000,7,95,0,57,4th_year,no,no,NOT_ELIGIBLE
85,36000,7,91,1,34,3rd_year,yes,no,NEEDS_REVIEW
97,10000,4,98,0,72,2nd_year,yes,no,ELIGIBLE
92,10000,6,97,0,54,3rd_year,yes,no,ELIGIBLE
91,13000,7,96,0,47,4th_year,yes,no,ELIGIBLE
94,34000,5,97,0,63,1st_year,yes,no,NEEDS_REVIEW
84,39000,6,91,4,26,3rd_year,yes,no,NOT_ELIGIBLE
96,14000,5,99,0,64,2nd_year,yes,no,ELIGIBLE
94,33000,7,96,0,61,2nd_year,yes,no,NEEDS_REVIEW
86,15000,5,92,0,37,3rd_year,yes,no,NEEDS_REVIEW
79,25000,6,90,1,9,1st_year,yes,no,NOT_ELIGIBLE
95,10000,5,98,0,62,2nd_year,yes,no,ELIGIBLE
86,41000,4,93,0,38,4th_year,no,no,NOT_ELIGIBLE
78,8000,5,88,4,13,2nd_year,yes,no,NOT_ELIGIBLE
87,24000,7,93,0,38,4th_year,yes,no,NEEDS_REVIEW
97,13000,6,99,0,73,1st_year,yes,no,ELIGIBLE
92,38000,4,97,0,56,4th_year,yes,no,NEEDS_REVIEW
95,14000,8,97,0,61,3rd_year,yes,no,ELIGIBLE
89,10000,6,93,0,44,3rd_year,yes,no,NEEDS_REVIEW
85,7000,6,92,0,28,1st_year,yes,no,NEEDS_REVIEW
76,16000,4,88,2,4,4th_year,yes,no,NOT_ELIGIBLE
93,17000,8,97,0,56,2nd_year,yes,no,ELIGIBLE
93,26000,4,95,0,58,4th_year,yes,no,NEEDS_REVIEW
79,41000,7,90,2,10,2nd_year,yes,yes,NOT_ELIGIBLE
97,21000,6,98,0,71,2nd_year,yes,no,ELIGIBLE
98,8000,4,98,0,76,1st_year,yes,no,ELIGIBLE
83,36000,7,92,1,23,4th_year,yes,no,NEEDS_REVIEW
83,34000,6,90,2,23,1st_year,yes,no,NEEDS_REVIEW
88,9000,8,93,0,37,2nd_year,yes,yes,NEEDS_REVIEW
92,39000,6,97,0,53,2nd_year,yes,yes,NEEDS_REVIEW
89,25000,8,94,0,48,1st_year,no,no,NOT_ELIGIBLE
75,18000,7,87,3,2,4th_year,yes,no,NOT_ELIGIBLE
97,9000,5,98,0,71,2nd_year,yes,no,ELIGIBLE
90,26000,7,96,0,49,2nd_year,yes,yes,NEEDS_REVIEW
88,35000,4,93,1,39,2nd_year,yes,no,NEEDS_REVIEW
79,35000,4,90,3,16,2nd_year,yes,no,NOT_ELIGIBLE
95,16000,4,98,0,67,3rd_year,yes,no,ELIGIBLE
80,30000,6,90,3,14,4th_year,yes,no,NOT_ELIGIBLE
78,30000,5,89,1,8,3rd_year,yes,no,NOT_ELIGIBLE
81,18000,4,90,1,15,3rd_year,yes,no,NOT_ELIGIBLE
90,37000,7,95,0,45,4th_year,yes,no,NEEDS_REVIEW
88,35000,5,95,0,43,3rd_year,yes,no,NEEDS_REVIEW
97,13000,6,98,0,67,4th_year,yes,no,ELIGIBLE
97,34000,4,98,0,67,2nd_year,yes,no,NEEDS_REVIEW
97,31000,7,99,0,71,1st_year,yes,no,NEEDS_REVIEW
92,13000,7,95,0,57,3rd_year,yes,no,ELIGIBLE
76,28000,5,87,4,6,4th_year,yes,no,NOT_ELIGIBLE
76,39000,4,88,3,5,2nd_year,yes,no,NOT_ELIGIBLE
90,13000,8,96,0,48,4th_year,yes,no,ELIGIBLE
90,30000,4,94,1,51,1st_year,yes,no,NEEDS_REVIEW
98,20000,8,98,0,76,2nd_year,yes,yes,ELIGIBLE
82,14000,7,90,2,18,1st_year,no,no,NOT_ELIGIBLE
85,24000,4,91,1,34,3rd_year,yes,no,NEEDS_REVIEW
79,10000,4,89,3,11,4th_year,yes,no,NOT_ELIGIBLE
90,36000,4,94,1,49,2nd_year,yes,yes,NEEDS_REVIEW
90,23000,6,94,0,50,2nd_year,yes,no,NEEDS_REVIEW
90,14000,4,96,0,51,1st_year,yes,no,ELIGIBLE
90,20000,5,95,0,49,3rd_year,yes,no,ELIGIBLE
87,31000,5,93,0,35,4th_year,yes,no,NEEDS_REVIEW
92,11000,5,97,0,57,4th_year,yes,no,ELIGIBLE
80,26000,5,89,1,12,4th_year,yes,no,NOT_ELIGIBLE
83,26000,8,90,2,22,4th_year,yes,no,NEEDS_REVIEW
87,36000,6,94,0,41,1st_year,yes,yes,NEEDS_REVIEW
79,7000,4,90,2,9,2nd_year,yes,no,NOT_ELIGIBLE
80,10000,5,89,3,14,3rd_year,yes,no,NOT_ELIGIBLE
98,22000,4,99,0,74,3rd_year,yes,no,ELIGIBLE
95,41000,4,98,0,65,4th_year,yes,no,NEEDS_REVIEW
76,34000,5,87,3,7,1st_year,yes,no,NOT_ELIGIBLE
75,36000,4,87,4,2,3rd_year,no,no,NOT_ELIGIBLE
81,27000,6,89,4,16,4th_year,yes,no,NOT_ELIGIBLE
77,14000,6,88,3,9,1st_year,yes,no,NOT_ELIGIBLE
81,7000,4,91,4,16,2nd_year,yes,no,NOT_ELIGIBLE
76,25000,7,88,2,5,4th_year,yes,no,NOT_ELIGIBLE
97,42000,7,98,0,66,3rd_year,yes,no,NEEDS_REVIEW
98,21000,4,98,0,75,1st_year,yes,no,ELIGIBLE
84,20000,7,92,4,26,2nd_year,yes,no,NOT_ELIGIBLE
87,31000,4,93,0,35,1st_year,yes,no,NEEDS_REVIEW
84,27000,4,91,1,24,4th_year,yes,no,NEEDS_REVIEW
96,31000,8,98,0,68,2nd_year,yes,yes,NEEDS_REVIEW
93,21000,4,95,0,55,3rd_year,yes,no,ELIGIBLE
84,8000,4,93,4,29,2nd_year,yes,no,NOT_ELIGIBLE
92,15000,4,96,0,51,4th_year,yes,no,ELIGIBLE
87,23000,5,92,0,41,1st_year,yes,no,NEEDS_REVIEW
86,38000,7,92,1,31,3rd_year,no,no,NOT_ELIGIBLE
90,18000,7,96,0,45,3rd_year,yes,no,ELIGIBLE
93,42000,4,95,0,56,4th_year,yes,no,NEEDS_REVIEW
75,26000,6,87,4,2,1st_year,yes,no,NOT_ELIGIBLE
94,41000,4,98,0,61,3rd_year,yes,no,NEEDS_REVIEW
81,40000,5,89,3,21,4th_year,yes,no,NOT_ELIGIBLE
82,33000,7,90,4,24,3rd_year,yes,no,NOT_ELIGIBLE
98,7000,4,98,0,77,2nd_year,yes,no,ELIGIBLE
93,20000,8,97,0,57,3rd_year,no,yes,NOT_ELIGIBLE
95,39000,8,97,0,65,3rd_year,yes,no,NEEDS_REVIEW
82,11000,5,90,3,24,1st_year,yes,no,NOT_ELIGIBLE
89,24000,5,94,0,48,4th_year,yes,no,NEEDS_REVIEW
90,12000,4,94,0,44,3rd_year,no,yes,NOT_ELIGIBLE
89,27000,8,93,0,42,2nd_year,yes,no,NEEDS_REVIEW
95,27000,7,97,0,63,2nd_year,yes,no,NEEDS_REVIEW
93,26000,8,97,0,54,4th_year,yes,no,NEEDS_REVIEW
77,23000,7,88,2,6,3rd_year,yes,no,NOT_ELIGIBLE
95,18000,8,97,0,64,2nd_year,yes,no,ELIGIBLE
79,39000,6,89,3,11,3rd_year,yes,no,NOT_ELIGIBLE
79,7000,5,90,4,16,3rd_year,yes,no,NOT_ELIGIBLE
92,34000,6,95,0,50,2nd_year,yes,no,NEEDS_REVIEW
97,27000,4,97,0,67,3rd_year,no,no,NOT_ELIGIBLE
86,10000,4,93,1,36,4th_year,yes,no,NEEDS_REVIEW
94,40000,5,97,0,63,2nd_year,yes,no,NEEDS_REVIEW
87,37000,5,94,1,42,1st_year,no,yes,NOT_ELIGIBLE
85,41000,8,92,0,33,3rd_year,yes,no,NEEDS_REVIEW
82,15000,4,90,4,22,1st_year,yes,no,NOT_ELIGIBLE
85,20000,7,93,1,35,1st_year,yes,no,NEEDS_REVIEW
75,39000,7,87,1,3,4th_year,yes,yes,NOT_ELIGIBLE
89,20000,4,94,0,48,2nd_year,yes,no,NEEDS_REVIEW
88,40000,7,95,0,44,4th_year,yes,no,NEEDS_REVIEW
85,13000,7,91,1,29,3rd_year,yes,no,NEEDS_REVIEW
80,17000,5,91,2,17,3rd_year,yes,no,NOT_ELIGIBLE
78,8000,4,90,4,5,2nd_year,yes,no,NOT_ELIGIBLE
76,28000,5,88,3,2,1st_year,yes,no,NOT_ELIGIBLE
97,36000,5,98,0,69,3rd_year,yes,no,NEEDS_REVIEW
76,32000,5,89,3,2,4th_year,yes,no,NOT_ELIGIBLE
89,7000,6,95,1,40,1st_year,yes,no,NEEDS_REVIEW
84,21000,5,91,1,24,1st_year,yes,no,NEEDS_REVIEW
87,35000,7,92,0,40,3rd_year,yes,no,NEEDS_REVIEW
93,12000,7,97,0,55,1st_year,yes,no,ELIGIBLE
88,39000,6,94,0,45,3rd_year,yes,no,NEEDS_REVIEW
94,18000,8,98,0,62,2nd_year,yes,no,ELIGIBLE
92,28000,7,96,0,52,2nd_year,yes,no,NEEDS_REVIEW
86,8000,4,92,0,36,3rd_year,yes,no,NEEDS_REVIEW
80,16000,8,90,2,14,1st_year,yes,no,NOT_ELIGIBLE
79,15000,4,88,3,16,3rd_year,yes,no,NOT_ELIGIBLE
75,27000,8,87,2,3,4th_year,yes,no,NOT_ELIGIBLE
91,19000,6,94,0,50,4th_year,yes,no,ELIGIBLE
94,30000,8,96,0,59,2nd_year,yes,no,NEEDS_REVIEW
88,30000,7,95,0,38,3rd_year,yes,no,NEEDS_REVIEW
76,8000,8,88,2,2,1st_year,yes,no,NOT_ELIGIBLE
88,27000,8,93,0,38,3rd_year,yes,no,NEEDS_REVIEW
96,27000,5,97,0,71,3rd_year,no,no,NOT_ELIGIBLE
82,29000,6,92,3,22,3rd_year,yes,no,NOT_ELIGIBLE
88,9000,4,95,0,43,4th_year,yes,yes,NEEDS_REVIEW
92,19000,6,97,0,51,3rd_year,no,no,NOT_ELIGIBLE
96,17000,7,99,0,69,4th_year,yes,no,ELIGIBLE
93,37000,6,95,0,60,4th_year,yes,no,NEEDS_REVIEW
90,9000,5,96,0,51,4th_year,yes,no,ELIGIBLE
87,23000,6,93,1,35,1st_year,yes,no,NEEDS_REVIEW
90,23000,5,94,0,50,2nd_year,yes,no,NEEDS_REVIEW
88,21000,6,93,0,43,1st_year,no,no,NOT_ELIGIBLE
93,33000,5,96,0,56,3rd_year,yes,no,NEEDS_REVIEW
81,10000,6,89,3,21,3rd_year,yes,no,NOT_ELIGIBLE
84,8000,8,91,4,27,2nd_year,yes,no,NOT_ELIGIBLE
90,10000,5,95,0,52,2nd_year,yes,no,ELIGIBLE
89,16000,4,94,0,43,3rd_year,yes,no,NEEDS_REVIEW
78,33000,5,88,3,9,3rd_year,no,no,NOT_ELIGIBLE
94,19000,5,98,0,61,2nd_year,yes,no,ELIGIBLE
81,34000,8,91,3,21,2nd_year,yes,no,NOT_ELIGIBLE
96,20000,5,99,0,69,4th_year,yes,yes,ELIGIBLE
95,11000,4,96,0,63,1st_year,yes,no,ELIGIBLE
82,23000,7,90,1,18,1st_year,yes,no,NEEDS_REVIEW
91,8000,6,94,0,55,4th_year,yes,no,ELIGIBLE
97,12000,7,97,0,67,4th_year,yes,yes,ELIGIBLE
76,13000,7,87,3,7,2nd_year,yes,no,NOT_ELIGIBLE
84,41000,6,91,2,28,1st_year,yes,no,NEEDS_REVIEW
80,26000,6,89,1,12,4th_year,yes,no,NOT_ELIGIBLE
94,35000,5,97,0,62,1st_year,yes,no,NEEDS_REVIEW
91,18000,7,94,0,51,4th_year,yes,no,ELIGIBLE
81,40000,7,90,3,18,4th_year,yes,yes,NOT_ELIGIBLE
80,39000,7,91,1,12,1st_year,yes,no,NOT_ELIGIBLE
89,23000,6,94,0,44,2nd_year,yes,yes,NEEDS_REVIEW
97,10000,5,97,0,71,3rd_year,yes,no,ELIGIBLE
89,23000,6,94,0,48,2nd_year,yes,no,NEEDS_REVIEW
98,40000,6,98,0,71,3rd_year,yes,yes,NEEDS_REVIEW
77,40000,6,88,2,9,1st_year,yes,no,NOT_ELIGIBLE
84,20000,7,93,1,24,3rd_year,yes,no,NEEDS_REVIEW
77,30000,6,87,4,5,4th_year,no,no,NOT_ELIGIBLE
82,41000,8,90,4,23,2nd_year,yes,no,NOT_ELIGIBLE
76,34000,4,88,1,2,4th_year,yes,yes,NOT_ELIGIBLE
98,21000,5,99,0,72,2nd_year,yes,no,ELIGIBLE
87,36000,4,92,0,38,1st_year,yes,no,NEEDS_REVIEW
90,18000,5,96,0,52,1st_year,yes,no,ELIGIBLE
77,19000,4,87,3,8,3rd_year,yes,no,NOT_ELIGIBLE
96,9000,4,98,0,65,4th_year,yes,no,ELIGIBLE
75,40000,7,88,3,2,1st_year,yes,yes,NOT_ELIGIBLE
83,41000,4,91,3,24,1st_year,yes,no,NOT_ELIGIBLE
80,19000,5,90,4,17,2nd_year,yes,yes,NOT_ELIGIBLE
78,34000,5,88,3,11,1st_year,yes,no,NOT_ELIGIBLE
90,38000,5,94,0,46,4th_year,yes,no,NEEDS_REVIEW
76,18000,5,88,2,2,2nd_year,yes,no,NOT_ELIGIBLE
76,21000,6,87,3,6,1st_year,yes,no,NOT_ELIGIBLE
87,28000,7,93,0,35,4th_year,yes,no,NEEDS_REVIEW
79,29000,5,88,4,10,3rd_year,yes,no,NOT_ELIGIBLE
93,38000,6,96,0,56,2nd_year,yes,no,NEEDS_REVIEW
83,28000,5,92,3,21,1st_year,yes,no,NOT_ELIGIBLE
88,10000,4,94,0,38,1st_year,yes,yes,NEEDS_REVIEW
98,34000,4,98,0,71,1st_year,yes,no,NEEDS_REVIEW
97,8000,4,98,0,70,1st_year,yes,no,ELIGIBLE
75,18000,7,87,1,3,4th_year,yes,no,NOT_ELIGIBLE
77,27000,8,89,3,5,3rd_year,yes,no,NOT_ELIGIBLE
97,34000,4,99,0,67,4th_year,yes,no,NEEDS_REVIEW
82,29000,7,92,1,23,4th_year,yes,no,NEEDS_REVIEW
94,39000,5,97,0,58,2nd_year,yes,no,NEEDS_REVIEW
93,34000,8,96,0,58,4th_year,yes,no,NEEDS_REVIEW
79,15000,7,89,2,16,2nd_year,yes,no,NOT_ELIGIBLE
94,11000,7,98,0,63,3rd_year,no,yes,NOT_ELIGIBLE
82,10000,7,92,3,26,3rd_year,yes,no,NOT_ELIGIBLE
97,42000,8,97,0,70,2nd_year,yes,no,NEEDS_REVIEW
83,23000,8,91,2,22,4th_year,yes,no,NEEDS_REVIEW
95,16000,5,97,0,67,1st_year,no,no,NOT_ELIGIBLE
93,19000,4,97,0,54,2nd_year,yes,no,ELIGIBLE
83,17000,5,90,3,26,4th_year,yes,no,NOT_ELIGIBLE
97,42000,6,99,0,70,3rd_year,yes,no,NEEDS_REVIEW
83,27000,6,92,2,26,3rd_year,yes,yes,NEEDS_REVIEW
91,25000,4,96,0,50,4th_year,yes,no,NEEDS_REVIEW
77,25000,8,88,2,10,3rd_year,no,no,NOT_ELIGIBLE
85,27000,6,91,0,35,2nd_year,yes,no,NEEDS_REVIEW
80,15000,4,89,1,19,1st_year,yes,no,NOT_ELIGIBLE
92,16000,5,95,0,56,2nd_year,yes,no,ELIGIBLE
86,29000,6,93,0,35,4th_year,yes,no,NEEDS_REVIEW
81,35000,7,91,4,18,3rd_year,yes,yes,NOT_ELIGIBLE
90,37000,7,95,0,46,2nd_year,yes,no,NEEDS_REVIEW
96,27000,4,97,0,71,4th_year,yes,no,NEEDS_REVIEW
79,42000,8,88,1,14,1st_year,no,no,NOT_ELIGIBLE
89,22000,6,95,1,44,3rd_year,yes,no,NEEDS_REVIEW
83,14000,7,91,4,28,1st_year,yes,no,NOT_ELIGIBLE
81,8000,8,91,4,16,2nd_year,yes,no,NOT_ELIGIBLE
79,30000,6,90,4,14,2nd_year,yes,no,NOT_ELIGIBLE
79,34000,5,90,2,8,2nd_year,yes,no,NOT_ELIGIBLE
81,34000,8,90,2,20,3rd_year,yes,yes,NOT_ELIGIBLE
79,35000,4,89,2,12,3rd_year,yes,no,NOT_ELIGIBLE
97,36000,4,98,0,70,2nd_year,no,no,NOT_ELIGIBLE
84,26000,6,92,2,28,2nd_year,yes,no,NEEDS_REVIEW
87,37000,8,93,0,34,4th_year,yes,no,NEEDS_REVIEW
84,40000,5,93,2,31,3rd_year,yes,no,NEEDS_REVIEW
78,23000,4,88,3,11,4th_year,yes,no,NOT_ELIGIBLE
83,10000,5,91,1,21,3rd_year,yes,no,NEEDS_REVIEW
79,14000,4,90,4,15,4th_year,yes,yes,NOT_ELIGIBLE
94,23000,7,96,0,57,1st_year,yes,no,NEEDS_REVIEW
77,32000,4,87,3,8,1st_year,yes,no,NOT_ELIGIBLE
75,7000,6,87,1,3,4th_year,yes,no,NOT_ELIGIBLE
95,9000,4,96,0,63,2nd_year,yes,no,ELIGIBLE
96,15000,4,98,0,66,2nd_year,yes,no,ELIGIBLE
96,9000,7,99,0,67,3rd_year,yes,no,ELIGIBLE
80,16000,5,91,3,18,2nd_year,yes,no,NOT_ELIGIBLE
77,25000,5,87,2,2,2nd_year,yes,no,NOT_ELIGIBLE
87,20000,8,92,0,40,4th_year,yes,no,NEEDS_REVIEW
83,22000,4,90,2,25,2nd_year,yes,no,NEEDS_REVIEW
85,33000,7,91,0,36,1st_year,yes,no,NEEDS_REVIEW
84,38000,4,91,4,28,1st_year,yes,no,NOT_ELIGIBLE
87,14000,7,94,0,42,2nd_year,yes,no,NEEDS_REVIEW
93,42000,8,96,0,61,3rd_year,yes,no,NEEDS_REVIEW
78,19000,4,88,2,5,4th_year,yes,no,NOT_ELIGIBLE
87,11000,8,93,0,40,4th_year,yes,no,NEEDS_REVIEW
78,33000,8,90,1,12,4th_year,yes,no,NOT_ELIGIBLE
91,34000,7,95,0,48,1st_year,yes,no,NEEDS_REVIEW
89,16000,6,95,0,47,1st_year,yes,no,NEEDS_REVIEW
94,28000,5,96,0,63,2nd_year,yes,no,NEEDS_REVIEW
96,41000,6,99,0,66,4th_year,yes,no,NEEDS_REVIEW
94,23000,7,97,0,64,4th_year,yes,no,NEEDS_REVIEW
81,14000,5,91,3,22,2nd_year,yes,no,NOT_ELIGIBLE
92,16000,6,95,0,56,3rd_year,yes,yes,ELIGIBLE
84,41000,4,91,4,24,2nd_year,yes,no,NOT_ELIGIBLE
98,15000,4,99,0,72,1st_year,yes,no,ELIGIBLE
86,29000,7,92,0,36,4th_year,yes,yes,NEEDS_REVIEW
89,12000,7,95,1,46,4th_year,yes,no,NEEDS_REVIEW
83,15000,4,90,1,23,3rd_year,yes,no,NEEDS_REVIEW
86,31000,7,93,1,38,2nd_year,yes,no,NEEDS_REVIEW
97,9000,8,99,0,70,4th_year,yes,no,ELIGIBLE
85,32000,4,93,0,31,2nd_year,yes,no,NEEDS_REVIEW
90,13000,7,95,1,47,4th_year,no,no,NOT_ELIGIBLE
98,36000,6,98,0,73,2nd_year,yes,no,NEEDS_REVIEW
98,8000,4,100,0,75,2nd_year,yes,yes,ELIGIBLE
95,9000,4,98,0,61,3rd_year,no,no,NOT_ELIGIBLE
93,9000,4,95,0,61,3rd_year,yes,no,ELIGIBLE
76,23000,4,88,2,3,4th_year,yes,no,NOT_ELIGIBLE
90,12000,4,94,0,47,2nd_year,yes,no,ELIGIBLE
84,19000,7,92,3,25,2nd_year,yes,no,NOT_ELIGIBLE
75,23000,7,87,3,2,2nd_year,yes,no,NOT_ELIGIBLE
76,11000,4,87,3,3,1st_year,yes,no,NOT_ELIGIBLE
94,34000,6,98,0,62,1st_year,yes,no,NEEDS_REVIEW
81,7000,7,91,4,15,3rd_year,yes,no,NOT_ELIGIBLE
80,42000,7,89,1,13,4th_year,yes,no,NOT_ELIGIBLE
90,20000,5,96,0,52,1st_year,no,no,NOT_ELIGIBLE
86,42000,5,92,1,37,3rd_year,yes,no,NEEDS_REVIEW
85,40000,8,92,0,30,2nd_year,yes,no,NEEDS_REVIEW
76,16000,4,88,4,3,4th_year,no,yes,NOT_ELIGIBLE
90,9000,7,94,1,46,3rd_year,yes,no,NEEDS_REVIEW
75,41000,8,87,2,2,3rd_year,yes,no,NOT_ELIGIBLE
87,14000,4,94,1,41,4th_year,yes,no,NEEDS_REVIEW
84,22000,8,93,4,29,4th_year,yes,no,NOT_ELIGIBLE
87,32000,4,93,0,35,2nd_year,yes,no,NEEDS_REVIEW
96,19000,6,99,0,71,4th_year,yes,no,ELIGIBLE
78,16000,8,88,3,13,3rd_year,yes,no,NOT_ELIGIBLE
93,25000,6,95,0,57,1st_year,yes,yes,NEEDS_REVIEW
83,31000,7,90,1,26,4th_year,yes,no,NEEDS_REVIEW
77,37000,8,88,2,3,1st_year,yes,no,NOT_ELIGIBLE
94,20000,8,98,0,59,3rd_year,yes,no,ELIGIBLE
79,7000,5,90,4,15,4th_year,yes,no,NOT_ELIGIBLE
81,7000,4,91,1,18,1st_year,yes,yes,NOT_ELIGIBLE
88,37000,5,94,0,38,2nd_year,yes,no,NEEDS_REVIEW
98,26000,5,98,0,77,4th_year,yes,no,NEEDS_REVIEW
82,17000,8,90,1,18,3rd_year,yes,no,NEEDS_REVIEW
92,12000,6,95,0,58,2nd_year,yes,no,ELIGIBLE
94,42000,8,96,0,63,4th_year,yes,no,NEEDS_REVIEW
95,22000,5,97,0,61,1st_year,no,no,NOT_ELIGIBLE
86,31000,7,94,0,37,3rd_year,yes,no,NEEDS_REVIEW
77,36000,8,88,3,8,4th_year,yes,no,NOT_ELIGIBLE
87,35000,5,92,1,39,2nd_year,yes,no,NEEDS_REVIEW
84,24000,5,92,3,32,1st_year,yes,no,NOT_ELIGIBLE
76,29000,5,89,4,3,2nd_year,yes,no,NOT_ELIGIBLE
83,25000,4,92,1,23,4th_year,yes,no,NEEDS_REVIEW
90,30000,5,95,0,44,2nd_year,yes,no,NEEDS_REVIEW
85,33000,7,92,0,29,4th_year,yes,no,NEEDS_REVIEW
97,19000,6,99,0,66,3rd_year,no,no,NOT_ELIGIBLE
77,18000,5,88,3,6,1st_year,yes,no,NOT_ELIGIBLE
88,15000,4,95,0,41,3rd_year,yes,no,NEEDS_REVIEW
83,37000,8,92,2,29,3rd_year,yes,no,NEEDS_REVIEW
93,27000,6,96,0,61,1st_year,yes,no,NEEDS_REVIEW
98,20000,7,99,0,77,1st_year,yes,no,ELIGIBLE
86,19000,5,93,0,35,1st_year,yes,no,NEEDS_REVIEW
78,41000,4,90,4,7,3rd_year,no,no,NOT_ELIGIBLE
75,17000,7,87,4,2,2nd_year,yes,yes,NOT_ELIGIBLE
94,10000,4,98,0,56,1st_year,no,no,NOT_ELIGIBLE
95,20000,6,96,0,67,4th_year,no,no,NOT_ELIGIBLE
92,20000,6,96,0,50,1st_year,yes,no,ELIGIBLE
91,24000,4,95,0,50,2nd_year,yes,no,NEEDS_REVIEW
96,16000,5,99,0,65,2nd_year,yes,no,ELIGIBLE
88,28000,8,95,0,44,3rd_year,yes,no,NEEDS_REVIEW
96,30000,7,99,0,66,1st_year,yes,no,NEEDS_REVIEW
86,11000,8,92,0,38,1st_year,yes,yes,NEEDS_REVIEW
76,27000,6,87,3,2,4th_year,yes,yes,NOT_ELIGIBLE
91,41000,5,95,0,52,2nd_year,yes,no,NEEDS_REVIEW
83,16000,8,92,4,24,3rd_year,yes,no,NOT_ELIGIBLE
86,17000,8,94,0,35,1st_year,yes,no,NEEDS_REVIEW
96,19000,4,99,0,63,4th_year,yes,no,ELIGIBLE
81,33000,6,89,4,21,3rd_year,yes,no,NOT_ELIGIBLE
93,17000,4,95,0,61,3rd_year,no,no,NOT_ELIGIBLE
97,18000,6,99,0,68,2nd_year,no,no,NOT_ELIGIBLE
80,21000,4,89,2,18,3rd_year,yes,no,NOT_ELIGIBLE
81,37000,4,89,4,23,2nd_year,yes,no,NOT_ELIGIBLE
76,28000,6,87,3,6,1st_year,yes,yes,NOT_ELIGIBLE
78,27000,7,90,3,12,4th_year,yes,no,NOT_ELIGIBLE
90,25000,8,96,0,52,2nd_year,yes,no,NEEDS_REVIEW
82,13000,5,92,4,24,4th_year,yes,yes,NOT_ELIGIBLE
81,35000,8,89,4,23,2nd_year,yes,no,NOT_ELIGIBLE
81,29000,7,90,3,20,1st_year,yes,no,NOT_ELIGIBLE
85,25000,4,92,0,30,2nd_year,yes,no,NEEDS_REVIEW
89,29000,6,95,1,41,3rd_year,no,no,NOT_ELIGIBLE
89,13000,4,94,1,43,3rd_year,yes,no,NEEDS_REVIEW
90,34000,6,94,0,50,4th_year,yes,no,NEEDS_REVIEW
84,18000,8,91,3,32,1st_year,yes,yes,NOT_ELIGIBLE
94,12000,7,96,0,57,4th_year,yes,yes,ELIGIBLE
75,27000,7,88,1,2,1st_year,yes,yes,NOT_ELIGIBLE
77,26000,6,89,4,2,4th_year,yes,no,NOT_ELIGIBLE
80,38000,6,90,1,20,1st_year,yes,no,NOT_ELIGIBLE
93,29000,5,97,0,56,4th_year,yes,no,NEEDS_REVIEW
96,33000,7,97,0,64,4th_year,yes,no,NEEDS_REVIEW
92,21000,5,97,0,56,3rd_year,yes,yes,ELIGIBLE
94,23000,8,97,0,56,2nd_year,yes,no,NEEDS_REVIEW
98,13000,7,100,0,71,3rd_year,yes,yes,ELIGIBLE
85,23000,6,91,0,34,3rd_year,yes,no,NEEDS_REVIEW
92,9000,5,95,0,53,2nd_year,yes,yes,ELIGIBLE
79,19000,6,89,1,8,4th_year,yes,no,NOT_ELIGIBLE
88,8000,7,95,0,43,4th_year,yes,no,NEEDS_REVIEW
93,18000,4,97,0,54,4th_year,yes,no,ELIGIBLE
83,16000,7,90,4,28,2nd_year,yes,no,NOT_ELIGIBLE
98,21000,6,98,0,73,1st_year,no,no,NOT_ELIGIBLE
92,24000,7,95,0,52,2nd_year,yes,no,NEEDS_REVIEW
83,22000,6,90,2,27,2nd_year,yes,no,NEEDS_REVIEW
93,19000,5,96,0,53,4th_year,yes,no,ELIGIBLE
89,26000,7,94,0,43,3rd_year,yes,no,NEEDS_REVIEW
87,20000,7,94,0,36,4th_year,yes,no,NEEDS_REVIEW
97,22000,6,99,0,74,2nd_year,yes,no,ELIGIBLE
75,20000,7,87,1,2,4th_year,yes,no,NOT_ELIGIBLE
98,29000,8,98,0,77,3rd_year,yes,no,NEEDS_REVIEW
87,17000,6,93,0,39,2nd_year,yes,no,NEEDS_REVIEW
80,9000,4,90,3,15,4th_year,yes,yes,NOT_ELIGIBLE
87,22000,5,92,1,39,1st_year,yes,no,NEEDS_REVIEW
97,16000,6,99,0,73,2nd_year,yes,no,ELIGIBLE
96,7000,8,99,0,69,2nd_year,yes,no,ELIGIBLE
96,35000,6,99,0,64,4th_year,yes,yes,NEEDS_REVIEW
83,7000,8,90,1,29,3rd_year,yes,yes,NEEDS_REVIEW
82,18000,5,92,3,21,3rd_year,yes,no,NOT_ELIGIBLE
97,25000,5,98,0,66,4th_year,yes,no,NEEDS_REVIEW
88,36000,4,95,0,38,4th_year,yes,no,NEEDS_REVIEW
90,39000,7,94,0,48,2nd_year,yes,no,NEEDS_REVIEW
97,11000,7,98,0,68,4th_year,yes,no,ELIGIBLE
83,37000,7,91,2,29,2nd_year,yes,no,NEEDS_REVIEW
87,33000,6,94,0,40,2nd_year,yes,no,NEEDS_REVIEW
95,14000,7,98,0,66,4th_year,yes,no,ELIGIBLE
82,42000,4,90,4,23,1st_year,yes,no,NOT_ELIGIBLE
76,37000,4,88,2,5,3rd_year,yes,no,NOT_ELIGIBLE
